{
    "monday": [
        {
            "name": "The Bar",
            "address": "123 Main St",
            "deals": "50% off all drinks",
            "days": "MTWTF"
        }
    ],
    "tuesday": [
        {
            "name": "The Pub",
            "address": "789 Oak St",
            "deals": "Happy hour all night",
            "days": "T"
        }
    ],
    "wednesday": [
        {
            "name": "The Lounge",
            "address": "101 Maple Ave",
            "deals": "25% off cocktails",
            "days": "TWF"
        }
    ],
    "thursday": [
        {
            "name": "The Grill",
            "address": "456 Elm St",
            "deals": "Buy one get one free appetizers",
            "days": "MT"
        }
    ],
    "friday": [
        {
            "name": "The Diner",
            "address": "234 Pine St",
            "deals": "Free dessert with any entrée",
            "days": "MWF"
        }
    ],
    "saturday": [
        {
            "name": "The Bistro",
            "address": "678 Birch Blvd",
            "deals": "Buy one get one free on select wines",
            "days": "T"
        }
    ],
    "sunday": [
        {
            "name": "The Steakhouse",
            "address": "1122 Willow Ln",
            "deals": "Free appetizer with purchase of entrée",
            "days": "F"
        }
    ]
}
